Mesh,Vertices,Faces,Time (s),Time SD (s),Memory (MB),Iterations,Energy Reduction (%),Planarity Improv. (%),Success
oloid256_quad,258,256,0.8026765556666836,0.0705393582761591,0.7616434097290039,118,66.03225760670418,-356300156.0539658,✓
spot_quadrangulated,2930,2928,18.46817841666666,0.8236625138295272,6.549360275268555,173,7.552979688896028,16.383846947701176,✓
blub_quadrangulated,7106,7104,54.13397202766672,1.876487227572793,15.585657119750977,191,5.644250138958402,19.210638044547768,✓
bob_quad,5344,5344,36.35460676366673,4.575883568482061,11.700745582580566,155,2.6159101337621675,11.727539241340937,✓
